,datetime,post,retweets,favorites
0,2021-10-23 23:56:14,@springsteddy Did for $NFLX and even $TSLA this week. I tracked $PG $LUV $INTEL all dipped whether good or bad earnings,0,4
1,2021-10-23 23:45:35,"$CRO  trending and many people don't know about $SPOT and $NFLX  for free with https://t.co/rNpKNnTvh6 card... üí≤

‚á®‚Ä¶ https://t.co/hsPhqNUMYH",0,0
2,2021-10-23 23:40:50,$TRILInvestment #investing #stocks #stockstowatch #wallstreetbets $mmat $phun $sndl $nakd $cei $ocgn $fb $wish‚Ä¶ https://t.co/8WSb67zozA,0,0
3,2021-10-23 23:30:53,@bigtitstrader I like !! $NFLX,0,0
4,2021-10-23 23:25:33,"RT @Nasimul1978: My Weekly Price Prediction list:
$MARK $4+
$BENE $15+
$FRSX $4.50+
$BKKT $11+
$AGC $12.50+
$SGAM $12+
$NFLX $680+
$PROG $5‚Ä¶",30,0
5,2021-10-23 23:24:31,"I Believe That If The IRS Says You Owe $13B Then $13B Should Be Accrued For Or Paid
 
$aapl $amzn $abbv $brk $ba‚Ä¶ https://t.co/6JZCaFt0Jp",0,0
6,2021-10-23 23:21:48,@DeeThom74433691 Any really high volatility stocks actually. $AMZN $NFLX are a few others. There‚Äôs a lot. You have‚Ä¶ https://t.co/2Ta7gqiyDP,0,0
7,2021-10-23 23:17:24,"Will The Tax Accrual Increase In Q3 For The $13B?
 
$aapl $amzn $abbv $brk $ba $bhc $crm $cmg $hlf $iep $ibm $msft‚Ä¶ https://t.co/LxmkNiLug8",0,0
8,2021-10-23 23:12:27,"$NFLX  Out of the 1098 other times NFLX was up 1.8% during a trading day, 56% of the time it traded higher by the m‚Ä¶ https://t.co/gnMJrfjAnI",0,0
9,2021-10-23 23:01:46,"I Haven't Seen Much Evidence Of Rising $KO Sales &amp; Marketing Activity. 
 
$aapl $amzn $abbv $brk $ba $bhc $crm $cmg‚Ä¶ https://t.co/fjayuZ6FNE",0,1
10,2021-10-23 23:00:09,$NFLX Waiting for Short signal on NFLX  with https://t.co/sjROqPnc9P https://t.co/2k9iVJdCT8,0,0
11,2021-10-23 23:00:00,"‚óÜBig Tech
Baidu $BIDU: 8.56%
Tesla $TSLA: 7.91%
Netflix $NFLX: 5.81%
Alibaba $BABA: 5.77%
NVIDIA $NVDA: 3.95%
Apple‚Ä¶ https://t.co/2RREgcPHil",0,1
12,2021-10-23 22:58:05,$NFLX Waiting for Short signal on NFLX  with https://t.co/gd5deldXML https://t.co/PjghT0PTRU,0,0
13,2021-10-23 22:57:11,"RT @charliebilello: Total Returns over the last 10 Years...
Bitcoin $BTC: +572,917%
Tesla $TSLA: +15,158%
NVIDIA $NVDA: +7,242%
Netflix $NF‚Ä¶",1737,0
14,2021-10-23 22:55:58,"A Key Line Item I'm Interested In Is $KO's Gross Margin When They Report Actuals &amp; Guidance
 
$aapl $amzn $abbv‚Ä¶ https://t.co/Z61zSt8Rfl",0,1
15,2021-10-23 22:55:11,RT @davidmoadel: Bionano Genomics‚Äô Latest Software Business Acquisition Adds Immense Value -- article I ghost-wrote for @investorplace http‚Ä¶,2,0
16,2021-10-23 22:53:42,"RT @everybodylies36: Weekly Strat Setups
üêÇ

1 - $BOX $CELH $GRWG $LYV $MU $RDFN $TMO $UPST (üêª) $UPWK $WBA $WYNN

3 - $ABT $EBAY $LOVE $NFLX‚Ä¶",4,0
17,2021-10-23 22:48:48,"RT @InvestrTrades: End of Day Recap üòçüíµüí∞

$DDOG paid over 284%üí∞
$AFRM paid over 170%üí∞
$APO paid 60% üí∞ 

üîÅ&amp;‚ù§Ô∏è10 Likes for Mondays Picks!

$SP‚Ä¶",1,0
18,2021-10-23 22:46:01,"$NFLX didnt go anywhere for about a year. Then. When it broke out the move had legs.

$IWM same story. Seems like t‚Ä¶ https://t.co/xwLux7EBN4",0,0
19,2021-10-23 22:43:54,"RT @charliebilello: Total Returns over the last 10 Years...
Bitcoin $BTC: +572,917%
Tesla $TSLA: +15,158%
NVIDIA $NVDA: +7,242%
Netflix $NF‚Ä¶",1737,0
20,2021-10-23 22:38:08,"RT @Nasimul1978: My Weekly Price Prediction list:
$MARK $4+
$BENE $15+
$FRSX $4.50+
$BKKT $11+
$AGC $12.50+
$SGAM $12+
$NFLX $680+
$PROG $5‚Ä¶",30,0
21,2021-10-23 22:36:42,"RT @Nasimul1978: My Weekly Price Prediction list:
$MARK $4+
$BENE $15+
$FRSX $4.50+
$BKKT $11+
$AGC $12.50+
$SGAM $12+
$NFLX $680+
$PROG $5‚Ä¶",30,0
22,2021-10-23 22:33:54,"For The 3 
$aapl $amzn $abbv $brk $ba $bhc $crm $cmg $hlf $iep $ibm $msft $ms $gs $jpm $bac $c $cs $f $ge $googl‚Ä¶ https://t.co/KcuDC17KtU",0,0
23,2021-10-23 22:33:05,RT @siyul: @thomas_kaede @borrowed_ideas Yea I was probably born with a bias against brands charging a premium price just because it could.‚Ä¶,1,0
24,2021-10-23 22:32:07,@EliteOptions2 $ROKU based on $NFLX movement...,0,0
25,2021-10-23 22:19:30,@beetlechocolate Watch Schumacher in $NFLX That's a good one too,0,0
26,2021-10-23 22:15:21,"RT @Nasimul1978: My Weekly Price Prediction list:
$MARK $4+
$BENE $15+
$FRSX $4.50+
$BKKT $11+
$AGC $12.50+
$SGAM $12+
$NFLX $680+
$PROG $5‚Ä¶",30,0
27,2021-10-23 22:14:15,"RT @Tischendorf: Premium Letter 296 is out

Focus remains on Melt-Up

1 Video - 1h 13 min

Stock Review: $SNAP $NFLX $UPST $AMBA $AEHR $AFR‚Ä¶",7,0
28,2021-10-23 22:11:58,RT @naval4you: Analysis for 10/22 - $ES $QQQ $AAPL $AMD $AMZN $IWM $BIDU $MRNA $GM $NFLX $NIO $FB $GOOGL $BURL $NKE $SQ  $BYND $TSLA $WMT‚Ä¶,13,0
29,2021-10-23 22:11:44,@thomas_kaede @borrowed_ideas Yea I was probably born with a bias against brands charging a premium price just beca‚Ä¶ https://t.co/WIbCdAV5E2,1,1
30,2021-10-23 22:09:44,"See CNBC Story About Aging Cars In America. Do Better DD @jack 
$aapl $amzn $abbv $brk $ba $bhc $crm $cmg $hlf $iep‚Ä¶ https://t.co/jKoHHXkhH2",0,0
31,2021-10-23 22:08:03,"Notable inside week follow up: $PLTR long for about 2%, $PTON long for about 8%!  $TWTR long for about 7% before‚Ä¶ https://t.co/DZugIVYLAC",0,5
32,2021-10-23 22:06:08,"Auto Production Decrease Due To Temp. Chip Shortages Hurt Sept. Age Of Cars On Rd. High. 
$aapl $amzn $abbv $brk‚Ä¶ https://t.co/OkMNgWW604",0,0
33,2021-10-23 21:59:08,"Read About Production In America That Will Tame Inflation. 
$aapl $amzn $abbv $brk $ba $bhc $crm $cmg $hlf $iep‚Ä¶ https://t.co/YJLSLQErhK",0,0
34,2021-10-23 21:58:08,"RT @everybodylies36: Weekly Strat Setups
üêÇ

1 - $BOX $CELH $GRWG $LYV $MU $RDFN $TMO $UPST (üêª) $UPWK $WBA $WYNN

3 - $ABT $EBAY $LOVE $NFLX‚Ä¶",4,0
35,2021-10-23 21:57:30,$NFLX  to that 690 range by mid November?,0,0
36,2021-10-23 21:56:30,"RT @Nasimul1978: My Weekly Price Prediction list:
$MARK $4+
$BENE $15+
$FRSX $4.50+
$BKKT $11+
$AGC $12.50+
$SGAM $12+
$NFLX $680+
$PROG $5‚Ä¶",30,0
37,2021-10-23 21:50:21,I‚Äôm loving everytime I go to @netflix they‚Äôre recommending something new with @DaveChappelle - I‚Äôll watch it all‚Ä¶.‚Ä¶ https://t.co/sC4TDYwGFK,0,0
38,2021-10-23 21:48:43,$DAL $UAL $LUV $PENN $DKNG $SPY $SPX $ARKK $TSLA $BBIG $FB $QQQ $NDX $LCID $AHT $SAVE $LCID $NCLH $CCL $RCL $DATS‚Ä¶ https://t.co/p8yacp3lCs,0,2
39,2021-10-23 21:47:20,"#5KTO25Kchallenge 

First week over.

- 22 trades
- 6 losers
- 73% win 

‚ûñ Account up $1,748 
‚ûñ Total $6,748
‚ûñ Acco‚Ä¶ https://t.co/6t6gezE49L",0,8
40,2021-10-23 21:46:56,$DAL $UAL $LUV $PENN $DKNG $SPY $SPX $ARKK $TSLA $BBIG $FB $QQQ $NDX $LCID $AHT $SAVE $LCID $NCLH $CCL $RCL $DATS‚Ä¶ https://t.co/JPbkoX5hsw,0,1
41,2021-10-23 21:46:34,$DAL $UAL $LUV $PENN $DKNG $SPY $SPX $ARKK $TSLA $BBIG $FB $QQQ $NDX $LCID $AHT $SAVE $LCID $NCLH $CCL $RCL $DATS‚Ä¶ https://t.co/iFDHtJnAQZ,0,0
42,2021-10-23 21:46:24,$DAL $UAL $LUV $PENN $DKNG $SPY $SPX $ARKK $TSLA $BBIG $FB $QQQ $NDX $LCID $AHT $SAVE $LCID $NCLH $CCL $RCL $DATS‚Ä¶ https://t.co/RlT8N01XtC,0,0
43,2021-10-23 21:43:25,$NFLX https://t.co/GVsOESgA4o,0,0
44,2021-10-23 21:42:12,"$NFLX word of mouth, buzz, flexibility, willingness to try new things has been working well for long time. Since th‚Ä¶ https://t.co/abLdROzs3o",0,4
45,2021-10-23 21:28:48,‚ÄòSquid Game‚Äô Shakes Up Korean Stocks as Much as Netflix Viewers $DIS $NFLX https://t.co/6swk5Klt5I,0,1
46,2021-10-23 21:25:02,"With past performance like this, how can you not sign up for a Free 10-day trial to https://t.co/D4K79VALdO? Winnin‚Ä¶ https://t.co/nYW1StWjsr",0,0
47,2021-10-23 21:22:29,$NFLX $TSLA post-earnings price action both prove that this market can explode. A lot of big time earnings reports‚Ä¶ https://t.co/Uz8f1cBcQ5,0,1
48,2021-10-23 21:16:13,"@HorstEmker Ex $NFLX see you love them overpriced, very high multiple none profitable stocks. We‚Äôll see how we do a‚Ä¶ https://t.co/hQzrdnZqZF",0,0
49,2021-10-23 20:56:53,"The $FNGU is the 3x #Leverage instrument for the #FANG + stocks by @msectors. 

The 10 stocks are the 5 that are‚Ä¶ https://t.co/eSGVoNtbO5",0,1
50,2021-10-23 20:55:41,"RT @Nasimul1978: My Weekly Price Prediction list:
$MARK $4+
$BENE $15+
$FRSX $4.50+
$BKKT $11+
$AGC $12.50+
$SGAM $12+
$NFLX $680+
$PROG $5‚Ä¶",30,0
51,2021-10-23 20:54:13,"RT @Nasimul1978: My Weekly Price Prediction list:
$MARK $4+
$BENE $15+
$FRSX $4.50+
$BKKT $11+
$AGC $12.50+
$SGAM $12+
$NFLX $680+
$PROG $5‚Ä¶",30,0
52,2021-10-23 20:42:07,‚ÄúIt‚Äôs easier to blame others than fix yourself‚Äù - #YouNetflix $nflx,0,7
53,2021-10-23 20:40:13,"RT @Nasimul1978: My Weekly Price Prediction list:
$MARK $4+
$BENE $15+
$FRSX $4.50+
$BKKT $11+
$AGC $12.50+
$SGAM $12+
$NFLX $680+
$PROG $5‚Ä¶",30,0
54,2021-10-23 20:37:41,"RT @Nasimul1978: My Weekly Price Prediction list:
$MARK $4+
$BENE $15+
$FRSX $4.50+
$BKKT $11+
$AGC $12.50+
$SGAM $12+
$NFLX $680+
$PROG $5‚Ä¶",30,0
55,2021-10-23 20:36:06,"DAY 207 (2021/10/22) 
$AAPL $ABNB $AFRM $COIN $MSFT $NFLX $SQ $TSLA $V $VTI
TOTAL $186,265.48 (+1.6%) https://t.co/EVvqjbb2g1",0,0
56,2021-10-23 20:31:31,"DAY 206 (2021/10/21) 
$AAPL $ABNB $AFRM $COIN $MSFT $NFLX $SQ $TSLA $V $VTI
TOTAL $183,333.48 (+9.0%) https://t.co/LorrJ1pKnl",0,0
57,2021-10-23 20:27:09,RT @dixielee1969: $HX $DWAC $SPY $PHUN $AUPH $IWM $TKAT $SHIB.X $BTC.X $ETH.X $SNAP $TSLA $AMD $NFLX $FB $TWTR $JRJC $CRTD $SHPW $GWH $WE $‚Ä¶,1,0
58,2021-10-23 20:26:25,@djsdsu23 was on the money with #MoneyHeist Such a great show on @netflix $NFLX #Part3,0,0
59,2021-10-23 20:26:17,@TradeSniperSara @RobInTheBlack Thank you @TradeSniperSara. You have the powers to see things before they happen :)‚Ä¶ https://t.co/jb8ZvIpU5K,0,1
60,2021-10-23 20:18:17,"$NFLX Over long-term, persistent inflation, higher bond yield concerns should fade away. Focus on buy and hold Xcep‚Ä¶ https://t.co/Ty5gB3Psok",0,0
61,2021-10-23 20:16:37,"RT @Nasimul1978: My Weekly Price Prediction list:
$MARK $4+
$BENE $15+
$FRSX $4.50+
$BKKT $11+
$AGC $12.50+
$SGAM $12+
$NFLX $680+
$PROG $5‚Ä¶",30,0
62,2021-10-23 20:16:37,"RT @Nasimul1978: My Weekly Price Prediction list:
$MARK $4+
$BENE $15+
$FRSX $4.50+
$BKKT $11+
$AGC $12.50+
$SGAM $12+
$NFLX $680+
$PROG $5‚Ä¶",30,0
63,2021-10-23 20:06:02,"RT @Nasimul1978: My Weekly Price Prediction list:
$MARK $4+
$BENE $15+
$FRSX $4.50+
$BKKT $11+
$AGC $12.50+
$SGAM $12+
$NFLX $680+
$PROG $5‚Ä¶",30,0
64,2021-10-23 20:03:35,"[SCAN RESULTS - 4h]

Exchange: #FTX

Top 5 bullish trend (#PERP futures)
1: $MATIC
2: $CRV
3: $ZEC
4: $LINK
5: $FLM‚Ä¶ https://t.co/xroRxjR0hG",0,1
65,2021-10-23 20:03:00,"Want 50% off the Month for Our Live Newswire? Sign up here! https://t.co/8tKJXgEJME

$SPY $VRPX $AAPL $AMZN $NFLX‚Ä¶ https://t.co/2W19orCzc4",0,0
66,2021-10-23 20:00:59,"RT @Nasimul1978: My Weekly Price Prediction list:
$MARK $4+
$BENE $15+
$FRSX $4.50+
$BKKT $11+
$AGC $12.50+
$SGAM $12+
$NFLX $680+
$PROG $5‚Ä¶",30,0
67,2021-10-23 19:56:14,@MaiSueDNhiem @serenawilliams Have you watched Billion dollar code in $NFLX yet? It's good.,0,0
68,2021-10-23 19:54:24,"My Weekly Price Prediction list:
$MARK $4+
$BENE $15+
$FRSX $4.50+
$BKKT $11+
$AGC $12.50+
$SGAM $12+
$NFLX $680+‚Ä¶ https://t.co/niNg8TlfLt",30,214
69,2021-10-23 19:51:34,Me when people say $DIS Disney or any other streaming platform will take share from Netflix. $NFLX https://t.co/vVGBmvm5k0,0,3
70,2021-10-23 19:47:55,$AMZN has quietly been improving their apps and user experience. Just installed their Photos app (unlimited cloud s‚Ä¶ https://t.co/8ILDSsq7wi,0,2
71,2021-10-23 19:45:08,"RT @EliteOptions2: Good afternoon everyone!

If anyone has any chart requests, questions about trading/trading psychology, or about subscri‚Ä¶",2,0
72,2021-10-23 19:45:03,"Good afternoon everyone!

If anyone has any chart requests, questions about trading/trading psychology, or about su‚Ä¶ https://t.co/kVquh1QyZu",2,30
73,2021-10-23 19:44:43,"RT @everybodylies36: Weekly Strat Setups
üêÇ

1 - $BOX $CELH $GRWG $LYV $MU $RDFN $TMO $UPST (üêª) $UPWK $WBA $WYNN

3 - $ABT $EBAY $LOVE $NFLX‚Ä¶",4,0
74,2021-10-23 19:43:51,"Next week  I'll watch
$CRWD consolidate just blw ATH
$ETSY continue uptrend
$LCID wait for 1st car delivery date‚Ä¶ https://t.co/j5ZK50MOb3",0,0
75,2021-10-23 19:41:50,"RT @babbldev: This Week‚Äôs (10/18 - 10/22) Most Mentioned #Stock Tickers Covered in the news üìä

1. $AAPL
2. $TSLA 
3. $INTC
4. $TGT
5. $MSFT‚Ä¶",2,0
76,2021-10-23 19:39:17,@RichardMoglen Black Summer in $NFLX. Good storytelling and cinematography.,0,0
77,2021-10-23 19:37:38,@ynot_sam I‚Äôm liking puts on large caps right before earnings. Even companies like $TSLA and $NFLX who had good ear‚Ä¶ https://t.co/lyAakZesyn,0,3
78,2021-10-23 19:31:42,RT @Buguisim: Buenas!!!! Valores para el Repaso Semanal!!! $INTC $PYPL $PINS $SNAP $T $CROX $JNJ $PG $NFLX $PM $VZ $TSLA $ASML $ABT $IBM $C‚Ä¶,1,0
79,2021-10-23 19:28:51,$HX $DWAC $SPY $PHUN $AUPH $IWM $TKAT $SHIB.X $BTC.X $ETH.X $SNAP $TSLA $AMD $NFLX $FB $TWTR $JRJC $CRTD $SHPW $GWH‚Ä¶ https://t.co/wk2sM3OQdp,1,1
80,2021-10-23 19:25:32,"RT @Tischendorf: Premium Letter 296 is out

Focus remains on Melt-Up

1 Video - 1h 13 min

Stock Review: $SNAP $NFLX $UPST $AMBA $AEHR $AFR‚Ä¶",7,0
81,2021-10-23 19:23:27,"RT @NancyTracker: Returns, Last 10 Years..
Pelosi Capital: +69,420%
Bitcoin $BTC: +2,808,411%
Tesla $TSLA: +15,646%
NVIDIA $NVDA: +6,641%
N‚Ä¶",488,0
82,2021-10-23 19:20:34,The power of $NFLX https://t.co/PKQbVtgIWc,1,1
83,2021-10-23 19:20:28,"RT @NancyTracker: Returns, Last 10 Years..
Pelosi Capital: +69,420%
Bitcoin $BTC: +2,808,411%
Tesla $TSLA: +15,646%
NVIDIA $NVDA: +6,641%
N‚Ä¶",488,0
84,2021-10-23 19:18:51,"RT @Tischendorf: Premium Letter 296 is out

Focus remains on Melt-Up

1 Video - 1h 13 min

Stock Review: $SNAP $NFLX $UPST $AMBA $AEHR $AFR‚Ä¶",7,0
85,2021-10-23 19:17:12,"BTW, $NFLX closed yesterday at an ATH https://t.co/B8Uu1bkcXu https://t.co/BpETOSUhaY",0,2
86,2021-10-23 19:12:20,RT @jamesjho_: 3/ This is not entirely unfair. Having been on both sides - there are many public investors hyper focused around quarters.‚Ä¶,2,0
87,2021-10-23 19:04:21,"@jamesjho_ Ignorant no-coiner here, but aren‚Äôt $amzn, $nflx, $dis in a different league to a bunch of meme shitcoin‚Ä¶ https://t.co/p1rJkcdKaj",0,0
88,2021-10-23 19:03:25,"RT @ayeshatariq: Hi all, I hope you're having a good weekend. Here's some reading for you 
This week: 
- Markets at higher highs 
- The Hou‚Ä¶",10,0
89,2021-10-23 18:56:14,"RT @ayeshatariq: Hi all, I hope you're having a good weekend. Here's some reading for you 
This week: 
- Markets at higher highs 
- The Hou‚Ä¶",10,0
90,2021-10-23 18:56:05,"RT @blazedstocks: This Week's Watchlist Recap (10/18/2021) 

https://t.co/NdP0OkiDHt

Tickers discussed - $DWAC, $PHUN, $MARA, $RIOT, $CAN,‚Ä¶",1,0
91,2021-10-23 18:54:47,"RT @NancyTracker: Returns, Last 10 Years..
Pelosi Capital: +69,420%
Bitcoin $BTC: +2,808,411%
Tesla $TSLA: +15,646%
NVIDIA $NVDA: +6,641%
N‚Ä¶",488,0
92,2021-10-23 18:51:47,"ALWAYS zoom out the chart to see what‚Äôs really going on. 

$LCID $AMZN $MSFT $HCMC $AAPL $SPY $TSLA $FB $GOOG $BABA‚Ä¶ https://t.co/uX6qcFEz5n",0,0
93,2021-10-23 18:50:46,RT @jamesjho_: 3/ This is not entirely unfair. Having been on both sides - there are many public investors hyper focused around quarters.‚Ä¶,2,0
94,2021-10-23 18:48:58,"RT @Melanie43031650: welcome to the discord group

$DWAC $PHUN $MARK $BENE $BROS $AMC $BBIG $SPY $FCEL $PROG $BTCS $QS $PLUG $SKLZ $NIO $TS‚Ä¶",1,0
95,2021-10-23 18:48:58,"This Week's Watchlist Recap (10/18/2021) 

https://t.co/NdP0OkiDHt

Tickers discussed - $DWAC, $PHUN, $MARA, $RIOT,‚Ä¶ https://t.co/gutXgkOl0l",1,0
96,2021-10-23 18:45:22,"6/ Legacy retailers and media co's COULDN'T get permission to invest - bcuz they had no credibility to do so.

Thei‚Ä¶ https://t.co/kp0TP0poMw",0,14
97,2021-10-23 18:45:21,"5/ In fact many competitors to $amzn $nflx (the legacy retailers and media co's) felt at a huge disadvantage.

They‚Ä¶ https://t.co/9WZpgqSRrJ",0,13
98,2021-10-23 18:45:21,4/ Truth is there is a long history of public mkts being willing to fund losses ( $amzn $nflx not profitable for de‚Ä¶ https://t.co/PqgHWaK1zr,0,22
99,2021-10-23 18:45:21,3/ This is not entirely unfair. Having been on both sides - there are many public investors hyper focused around qu‚Ä¶ https://t.co/KSW8Scy0hw,2,24
100,2021-10-23 18:43:21,"RT @ayeshatariq: Hi all, I hope you're having a good weekend. Here's some reading for you 
This week: 
- Markets at higher highs 
- The Hou‚Ä¶",10,0
101,2021-10-23 18:41:58,"RT @CNBCTheExchange: In today's edition of üî• RAPID FIRE üî• 
üî• Netflix lower post earnings $NFLX
üî• A Facebook rebrand? $FB
üî• Brinker shares s‚Ä¶",12,0
102,2021-10-23 18:40:57,"All I ask for is $1K bro, stop playing with my emotions! $NFLX",0,0
103,2021-10-23 18:37:09,"Helped me get my account green all time. Thanks 

‚ù§Ô∏èüëèüìà‚òùÔ∏è

$SPY $ES $ADBE $AMZN $MSFT $AAL $ROKU $BABA $CRM $GOOGL‚Ä¶ https://t.co/6tTjb3eUA2",1,1
104,2021-10-23 18:34:29,"$NFLX How much you'd have if you invested $1,000 in Netflix 10 years ago https://t.co/VPlGsKsBsO",0,0
105,2021-10-23 18:29:25,@S_curvecap How did you know $NFLX was going to have the Squid Game hit?,0,0
106,2021-10-23 18:27:38,"$NFLX #NFLX #Netflix 
Price target hit on this one! Such a strong move. High volume too, may continue. https://t.co/dbzkHktvyp",1,1
107,2021-10-23 18:20:36,"Hi all, I hope you're having a good weekend. Here's some reading for you 
This week: 
- Markets at higher highs 
-‚Ä¶ https://t.co/yCeuXyefd8",10,30
108,2021-10-23 18:14:34,RT @SJosephBurns: Netflix earnings report versus Netflix price action $NFLX https://t.co/oMd3xCw2Ou,54,0
109,2021-10-23 18:14:25,"~When I was novice I made a lot of mistakes then I came to know about this C0mmunity.,,https://t.co/79VjTSeqr3‚Ä¶ https://t.co/DyZlMmYiLY",0,0
110,2021-10-23 18:13:37,"welcome to the discord group

$DWAC $PHUN $MARK $BENE $BROS $AMC $BBIG $SPY $FCEL $PROG $BTCS $QS $PLUG $SKLZ $NIO‚Ä¶ https://t.co/j39Q9Qynld",1,0
111,2021-10-23 18:13:13,"Next Week‚Äôs focus list:

$NFLX continuation from ER breakout 

$CELH consolidation under 100

$V ER‚Ä¶nice reversal s‚Ä¶ https://t.co/kTDWVkz5NH",1,1
112,2021-10-23 18:12:42,"Commented on @WhoTradesHQ
$NFLX Death of salesman
https://t.co/VH2kKYqtCS",0,0
113,2021-10-23 18:10:21,Buenas!!!! Valores para el Repaso Semanal!!! $INTC $PYPL $PINS $SNAP $T $CROX $JNJ $PG $NFLX $PM $VZ $TSLA $ASML‚Ä¶ https://t.co/rsPZh10Bji,1,5
114,2021-10-23 18:09:21,"@TraderLion_ $NFLX continuation from ER breakout 

$CELH consolidation under 100

$V ER‚Ä¶nice reversal setup with cl‚Ä¶ https://t.co/wLNX8KFl9f",0,7
115,2021-10-23 18:06:04,"Follow us if you find our Alerts useful 

$SPY $NDX $IWM $QQQ $BTC $ETH $AAPL $TSLA $AMC $NFLX $UPST $PLTR $SNAP‚Ä¶ https://t.co/ah46Pl9Y14",0,0
116,2021-10-23 18:02:44,Trading requires following specific instructions &amp; rules to be successful.  You can‚Äôt just jump into a trade withou‚Ä¶ https://t.co/Dnxyhf0n5i,3,4
117,2021-10-23 18:00:00,"#Tradehighlight

$HAL - We played this one short on Thursday for a 2.82% run. The 26P went 170%

Follow for daily t‚Ä¶ https://t.co/GKZQ0hdigM",0,0
118,2021-10-23 17:59:35,"Great place to learn trading and to get instant help join our community 

$SPY $NDX $IWM $QQQ $BTC $ETH $AAPL $TSLA‚Ä¶ https://t.co/cbgRMR6qp5",0,0
119,2021-10-23 17:59:16,"Crash Warning: Everything just changed - https://t.co/toGoe7DByC

#BTC #ETH $MSFT $FB $NVDA $BYND $TWLO $BKNG $COIN‚Ä¶ https://t.co/QgHU98C4mU",0,0
120,2021-10-23 17:57:34,"RT @Banner97179164: Discord- $NFLX  a better, more executive trading chat room ‚ù§‚ù§‚ù§‚ù§ 
Will teach and coach you analysis
$TSLA 
$SPY $UAVS $C‚Ä¶",1,0
121,2021-10-23 17:55:54,"AAPL Stock, AMZN Stock - STOCK MARKET to NEW HIGHS? [Apple, Amazon]
--
https://t.co/ejwbnehBO7
--
#trading‚Ä¶ https://t.co/Rvcd3gIz2O",0,2
122,2021-10-23 17:55:36,"Thanks to the discord group for the traders
üéØüéØüéØüéØ
$DWAC $PHUN $MARK $BENE $BROS $AMC $BBIG $SPY $FCEL $PROG $BTCS‚Ä¶ https://t.co/I56wUq9MVv",0,0
123,2021-10-23 17:51:23,"Most mentioned crypto coin in this week 
üëåüëåüëåüëåüëå
$SPY $NDX $SPX $QQQ $BTC $ETH $AAPL $TSLA $AMC $DWAC $TSLA $FCEL‚Ä¶ https://t.co/37EcYO8IYz",0,0
124,2021-10-23 17:47:28,"Most profitable trading community
‚úåÔ∏è‚úåÔ∏è‚úåÔ∏è‚úåÔ∏è‚úåÔ∏è
$SPY $NDX $IWM $QQQ $SPX $VIX $BTC $ETH $AAPL $TSLA $AMC $DWAC $SNAP‚Ä¶ https://t.co/9PGuLMXQN1",0,0
125,2021-10-23 17:46:31,@WealthOrDie Similar to Kobra Kai success $NFLX platform is an enabler! Dune was really good.,0,0
126,2021-10-23 17:41:35,"RT @tweetfromD: Link for free discord server, come chill with us and make some money ‚ù§Ô∏èüôèüèª

https://t.co/rAaKGwzyYx

$SPY $QQQ $AAPL $NFLX $‚Ä¶",1,0
127,2021-10-23 17:41:30,RT @tweetfromD: $EBAY amazing roller coaster which just kept going up! Calls thats we took around Wednesday went almost 900% and today we d‚Ä¶,1,0
128,2021-10-23 17:36:59,"@RichardMoglen Like all of your choices Richard!
Some of my related Favorite Streaming TV Show‚Äôs:
$AAPL Tehran‚Ä¶ https://t.co/6F09P1Ais6",0,3
129,2021-10-23 17:31:31,"Note to myself for next week:
- Buy $HD, $UNP, $WM.
- Add to $NFLX. üåü

#UNP #Bullish #HD #NFLX #WM https://t.co/BcOwscARKK",0,0
130,2021-10-23 17:30:51,"RT @CurrencyCom: #SquidGame is the show that‚Äôs got the world talking. Is it affecting the #Netflix stock forecast?

Read our $NFLX forecast‚Ä¶",2,0
131,2021-10-23 17:24:43,"$NFLX
Brrrr https://t.co/QK6bAHRs3f https://t.co/MdyD3L8yfD",0,2
132,2021-10-23 17:21:05,"RT @charliebilello: Returns, Last 10 Years..
Bitcoin $BTC: +2,808,411%
Tesla $TSLA: +15,646%
NVIDIA $NVDA: +6,641%
Netflix $NFLX: +3,817%
D‚Ä¶",390,0
133,2021-10-23 17:20:49,"This holiday season, if physical goods aren‚Äôt in enough supply (and they won‚Äôt be) you better bet that people will‚Ä¶ https://t.co/257YltGLnP",0,1
134,2021-10-23 17:19:02,"EOW leaderboard:

1. $NFLX 680 C 10-29, 369%
2. $PTON 92 C 10-22, 287%
3. $BILI 79 C 10-29, 188%
4. $SLB 47.5 C 202‚Ä¶ https://t.co/YhKCLO4SDN",0,0
135,2021-10-23 17:18:23,"SmartOptions¬Æ Unusual Activity Alert
(Delayed)

$NFLX $700 Calls
01/21/2022 Exp

Trade Volume: 2,000 Contracts

$2,‚Ä¶ https://t.co/gVeWhyJAGc",0,0
136,2021-10-23 17:11:19,"RT @KINGKOR63681674: Literal Insanity 
$BENE $83 Monday 
Merger at anytime 
$DWAC same CEO
#TRUMP #USA
#stock #stocks #StockMarket #StockMa‚Ä¶",1,0
137,2021-10-23 17:07:26,"$NFLX $DIS

https://t.co/v2wD4tKOFq",0,0
138,2021-10-23 17:06:41,"@brah_dank @JMichaelYoung1 Lastly,  Blockbuster has a huge ""advantage"" in real estate and profits vs $NFLX in the 2‚Ä¶ https://t.co/tMKhVcnHyA",0,1
139,2021-10-23 17:03:34,"1000% almost half a mile here. You in our discord? We've been on fire!! ...üê∑üê∑

$AAPL $AMZN $XTZ $NFLX $BABA $BIDU‚Ä¶ https://t.co/JDt0qy1wQh",0,0
140,2021-10-23 17:00:26,"Dune was great, but probably would have been better as a $NFLX original series",0,21
141,2021-10-23 16:59:15,"Crash Warning: Everything just changed - https://t.co/3H7syiOZ88

#BTC #ETH $MSFT $FB $NVDA $BYND $TWLO $BKNG $COIN‚Ä¶ https://t.co/wYDFLPY5oE",0,0
142,2021-10-23 16:57:32,$NFLX Good follow through where I could raise stops. Looking for some basing from here maybe or base n break. volum‚Ä¶ https://t.co/VFj4Qf9jiw,0,1
143,2021-10-23 16:50:15,"Discord- $NFLX  a better, more executive trading chat room ‚ù§‚ù§‚ù§‚ù§ 
Will teach and coach you analysis
$TSLA 
$SPY‚Ä¶ https://t.co/fPiYMBkDiE",1,0
144,2021-10-23 16:49:57,"Second perfect week in a row. Less is more. All real time closes alerted in our discord. 

$SPY $TSLA $NFLX $TLRY‚Ä¶ https://t.co/fVc0jQYpyk",1,2
145,2021-10-23 16:44:09,"RT @everybodylies36: Weekly Strat Setups
üêÇ

1 - $BOX $CELH $GRWG $LYV $MU $RDFN $TMO $UPST (üêª) $UPWK $WBA $WYNN

3 - $ABT $EBAY $LOVE $NFLX‚Ä¶",4,0
146,2021-10-23 16:42:55,"Do you keep an eye on the new companies, their IPOs, the services they provide, and whether they have the potential‚Ä¶ https://t.co/VSwX5ceNqW",0,0
147,2021-10-23 16:41:23,"RT @ProfitRocketc: Let's take a look at Netflix $NFLX

üöÄ Current Price: $664.78

üöÄ 52/wk High: $665.46

üöÄ52/wk Low: $463.41

üöÄYTD Return: 2‚Ä¶",3,0
148,2021-10-23 16:39:33,$NFLX alert in mid August with expected catalyst mid October.  $5k investment turned $150k in two months by patient‚Ä¶ https://t.co/ZikJVGk0Cd,2,3
149,2021-10-23 16:37:22,"On a valuation basis, $NFLX does trade at a premium.

üí∞Price to Earnings: 58.84x

üí∞Price to Sales: 10.56x

üí∞Price t‚Ä¶ https://t.co/9QW7z7ooB4",0,0
150,2021-10-23 16:37:19,$NFLX beat analyst expectations in Q3 of 2021 reporting $3.19 EPS better than the analyst‚Äôs EPS consensus estimate‚Ä¶ https://t.co/aMPxeUkMYo,0,0
151,2021-10-23 16:37:19,$NFLX call to shareholders announcing its 3rd Q results gives us a look at how successful¬†Squid Game¬†was. Around 14‚Ä¶ https://t.co/VNd6cxvNVz,0,0
152,2021-10-23 16:37:18,"Netflix, Inc.( $NFLX) is an American pay television over-the-top media service and original programming production‚Ä¶ https://t.co/fNbm179n4p",0,0
153,2021-10-23 16:37:17,"Let's take a look at Netflix $NFLX

üöÄ Current Price: $664.78

üöÄ 52/wk High: $665.46

üöÄ52/wk Low: $463.41

üöÄYTD Retu‚Ä¶ https://t.co/xQ6djGnT3n",3,5
154,2021-10-23 16:36:31,"Weekly Strat Setups
üêÇ

1 - $BOX $CELH $GRWG $LYV $MU $RDFN $TMO $UPST (üêª) $UPWK $WBA $WYNN

3 - $ABT $EBAY $LOVE‚Ä¶ https://t.co/lBIzkSFLHj",4,23
155,2021-10-23 16:35:39,"Best discord group over 80k members and even have their own app join here 

$TSLA $NVDA $BABA $ZM $TLRY $ABNB $PYPL‚Ä¶ https://t.co/o4GVjrt5xE",0,3
156,2021-10-23 16:34:25,"RT @JJMStocks: $NFLX +24% YTD to $646

MA(20)=$617

Q3 YoY
Rev=$22B‚§¥Ô∏è20%
P/L=$4.5B

Memberships=213.6M‚§¥Ô∏è9%

Squid Games=142M households wat‚Ä¶",1,0
157,2021-10-23 16:32:26,"Literal Insanity 
$BENE $83 Monday 
Merger at anytime 
$DWAC same CEO
#TRUMP #USA
#stock #stocks #StockMarket‚Ä¶ https://t.co/jnH0fknb7K",1,3
158,2021-10-23 16:26:53,"$NFLX  Out of the 1098 other times NFLX was up 1.8% during a trading day, 56% of the time it traded higher by the m‚Ä¶ https://t.co/6qVMmPkYzD",0,0
159,2021-10-23 16:23:59,"RT @StephenWealthy_: Recent Stocks buys in Pelosi's Portfolio:

Dated as of Oct 5, 2021

$MSFT Microsoft
$RBLX Roblox
$AB AllianceBernstein‚Ä¶",69,0
160,2021-10-23 16:22:16,"#SquidGame is the show that‚Äôs got the world talking. Is it affecting the #Netflix stock forecast?

Read our $NFLX f‚Ä¶ https://t.co/wAcOLApya9",2,8
161,2021-10-23 16:19:14,"RT @charliebilello: Returns, Last 10 Years..
Bitcoin $BTC: +2,808,411%
Tesla $TSLA: +15,646%
NVIDIA $NVDA: +6,641%
Netflix $NFLX: +3,817%
D‚Ä¶",390,0
162,2021-10-23 16:17:25,$NFLX https://t.co/koKhPYKXvF,0,0
163,2021-10-23 16:17:17,"$HD from $320 alerted level since late August in our 1-1 room ‚Å¶@OptionsPastor‚Å©.   
I specifically told everyone who‚Ä¶ https://t.co/YVfnpjVsUe",3,3
164,2021-10-23 16:16:08,"[SCAN RESULTS - 15m]

Exchange: #FTX

Top 5 bullish trend (#PERP futures)
1: $LINK
2: $ASD
3: $CVC
4: $EDEN
5: $LRC‚Ä¶ https://t.co/aqR52AbCUH",0,8
165,2021-10-23 16:11:56,"PMG: Pivot Machine Gun. AKA 5 consecutive highs/lows
PMG Monthly: $XLY $MMM $REAL $TSLA $NFLX $FDX $GS $CRM $VZ $T‚Ä¶ https://t.co/kKcKycIbmU",9,45
166,2021-10-23 16:09:55,"RT @Hedgeye: The Call ‚ÄòWeek In Review‚Äô: Grocery Sales, Squid Game, &amp; Industrial Inventory

$NFLX, $ACI, production and labor... 

Watch @He‚Ä¶",3,0
167,2021-10-23 16:06:12,"[SCAN RESULTS - 4h]

Exchange: #FTX

Top 5 bullish trend (#PERP futures)
1: $LINK
2: $ZEC
3: $CRV
4: $RUNE
5: $FLM‚Ä¶ https://t.co/w99l4FLq2k",1,3
168,2021-10-23 16:03:31,"RT @team3dstocks: when they're partying, study. when they're drinking, study. when they're watching $NFLX, study. when they're sleeping, st‚Ä¶",8,0
169,2021-10-23 16:02:15,$GOOG üìäüßê Now let‚Äôs look at the #FANG performance and key in on the $NFLX $512 break out call after a long stall +30‚Ä¶ https://t.co/sUrp6i4rrn,0,2
170,2021-10-23 15:57:05,"Watching $NFLX.. 

Price target: $700-$711 by ""10/29""
Predicting RSI 77% - 80% Overbought.

https://t.co/czkbeZekNB https://t.co/Ma8LloKXb1",0,0
171,2021-10-23 15:54:08,"RT @charliebilello: Returns, Last 10 Years..
Bitcoin $BTC: +2,808,411%
Tesla $TSLA: +15,646%
NVIDIA $NVDA: +6,641%
Netflix $NFLX: +3,817%
D‚Ä¶",390,0
172,2021-10-23 15:50:41,"RT @ApexOneTrading: $TSLA back at ATHs, beauty.
Does $AMZN re-visit 3200/VPOC?
$NFLX with some sick momentum now üòç
$FB dropped on $SNAP's p‚Ä¶",2,0
173,2021-10-23 15:48:58,"RT @Tischendorf: Premium Letter 296 is out

Focus remains on Melt-Up

1 Video - 1h 13 min

Stock Review: $SNAP $NFLX $UPST $AMBA $AEHR $AFR‚Ä¶",7,0
174,2021-10-23 15:46:23,"[SCAN RESULTS - 15m]

Exchange: #FTX

Top 5 bullish trend (#PERP futures)
1: $LINK
2: $EDEN
3: $ALGO
4: $DODO
5:‚Ä¶ https://t.co/hgKig548B2",0,7
175,2021-10-23 15:43:49,"I started covering $DIS and $HD in late August after releasing $NFLX at $510.
$DIS has printed a lot of $$ from $16‚Ä¶ https://t.co/PJQTKVuWP1",3,4
176,2021-10-23 15:40:02,"Contrarian indicator says: sell $NFLX

https://t.co/voSoWittYP",0,0
177,2021-10-23 15:37:52,"RT @NancyTracker: Returns, Last 10 Years..
Pelosi Capital: +69,420%
Bitcoin $BTC: +2,808,411%
Tesla $TSLA: +15,646%
NVIDIA $NVDA: +6,641%
N‚Ä¶",488,0
178,2021-10-23 15:37:00,When patterns develop its best to go with them instead of fight the tide. Earnings beats are being sold down with o‚Ä¶ https://t.co/NhRPVDkibH,1,11
179,2021-10-23 15:33:41,"An equal weighted portfolio of $NFLX and $FB will crush whatever he is buying and is ""OK"" with. Starting Today! He'‚Ä¶ https://t.co/0HGmOn7ypR",0,33
180,2021-10-23 15:32:42,"NFT alerts, crypto alerts. We've got both. üî•üî•üöÄüöÄ
$SPY $MSFT $IBM $AMD $COO  $INTU $PYPL $TM $TSLA $AMZN $NFLX $BA‚Ä¶ https://t.co/P5tJoBLJ5S",1,1
181,2021-10-23 15:29:06,"Lol still front &amp; center. I love it. Hopefully its every bit as funny as I would expect

$NFLX https://t.co/7IOi9N1ase",0,2
182,2021-10-23 15:28:29,"10 Year Returns:

$BTC: +2,034,850%
$TSLA: +16,127%
$NVDA: +6,728%
$NFLX: +3,875%
$ADBE: +2,257%
$DPZ: +1,606%‚Ä¶ https://t.co/w7olBZ2ZAi",1,2
183,2021-10-23 15:27:03,$DIS $NFLX NEW ARTICLE : What Netflix's Q3 Results Could Mean for Disney https://t.co/9BRh6Yap7p Get all the latest‚Ä¶ https://t.co/TRdv5WIIwB,0,0
184,2021-10-23 15:18:50,$NFLX Media portrays doom &amp; gloom picture. Ignore it as economic resilience is strong. Buy Xceptional business at d‚Ä¶ https://t.co/90mn5jSzfy,0,0
185,2021-10-23 15:18:23,#WallStreet always wins $SPY $DIA $QQQ $SPX $FB $GOOGL $TLSA $AAPL $NFLX $MSFT @jack  will $TWTR miss earnings rev‚Ä¶ https://t.co/aXtf2qeeHP,0,0
186,2021-10-23 15:13:59,"RT @TrendSpider: $NFLX Taking new highs one month at a time!
https://t.co/OmnYY76ktv",8,0
187,2021-10-23 15:13:09,"$TSLA back at ATHs, beauty.
Does $AMZN re-visit 3200/VPOC?
$NFLX with some sick momentum now üòç
$FB dropped on $SNAP‚Ä¶ https://t.co/t3D0DHLoGI",2,2
188,2021-10-23 15:02:26,"[SCAN RESULTS - 1h]

Exchange: #FTX

Top 5 bullish trend (#PERP futures)
1: $MATIC
2: $PRIV
3: $LINK
4: $CRV
5:‚Ä¶ https://t.co/GTZ4YjetK9",1,1
189,2021-10-23 15:00:58,"NFT alerts, crypto alerts. We've got both.

#SP500 #Bitcoin #ADA #cryptocurrency   $LCID $AMZN $MSFT $HCMC $AAPL‚Ä¶ https://t.co/PkB0zR522J",1,1
190,2021-10-23 15:00:02,"#Tradehighlight

$CRWD - long at the Monday open for a 3.10% run based on our trigger. The 280C went 136%. 

Follow‚Ä¶ https://t.co/4d8IvQnqP3",1,1
191,2021-10-23 14:57:35,"RT @stocksera_bot: Stocksera Update: View call/put ratio of trending tickers in #wsb in the last 7 days.

https://t.co/InT5oXFWMo

$SPY $TS‚Ä¶",2,0
192,2021-10-23 14:55:31,"NFT alerts, crypto alerts. We've got both.
$BTC
$BYND $USEG $SHOP $DKNG $MU $NOVS $MYOV $APDN $MXC $BZUN $SPY $QQQ‚Ä¶ https://t.co/2K35rt34xR",1,1
193,2021-10-23 14:44:11,"Stocksera Update: View call/put ratio of trending tickers in #wsb in the last 7 days.

https://t.co/InT5oXFWMo‚Ä¶ https://t.co/M4l61A6VqB",2,2
194,2021-10-23 14:34:23,"What Happened Yesterday in the US Stock Market?

https://t.co/aNa8K92C3P

$EBAY $AXP $ETSY $ORCL $PDD $NFLX $TSLA‚Ä¶ https://t.co/2idAdskURU",1,1
195,2021-10-23 14:34:06,"RT @SarahPonczek: Not all FAANG stocks are created equal in 2021:

Alphabet +64% $GOOGL

Amazon and Netflix both *checks notes* +3% 
$AMZN‚Ä¶",22,0
196,2021-10-23 14:31:35,"RT @MotleyFoolMoney: Google's app store maneuver, PayPal mulling Pinterest, and that Facebook name change?
@flippen_emily &amp; Maria Gallagher‚Ä¶",4,0
197,2021-10-23 14:30:48,"RT @MotleyFoolMoney: Google's app store maneuver, PayPal mulling Pinterest, and that Facebook name change?
@flippen_emily &amp; Maria Gallagher‚Ä¶",4,0
198,2021-10-23 14:30:36,"Google's app store maneuver, PayPal mulling Pinterest, and that Facebook name change?
@flippen_emily &amp; Maria Gallag‚Ä¶ https://t.co/LkGdfsuUUN",4,7
199,2021-10-23 14:30:19,@JoePompliano $NFLX F1 show probably has something to do with it,0,6
200,2021-10-23 14:27:56,RT @VistaPResearch: Markets Experience Another Record Setting Week ‚Äì $AAPL $DWAC $INM $INMB $MARK $NFLX $PHUN $TSLA Rise! https://t.co/FPFt‚Ä¶,3,0
201,2021-10-23 14:04:23,"RT @FintwitSynapse: Top Trending Stocks on #fintwit: 
1. $TWTR ü•á
2. $DWAC ü•à
3. $SNAP ü•â
4. $PHUN
5. $NFLX
6. $X
7. $SWMA
8. $SWMAY
9. $AMZN‚Ä¶",1,0
202,2021-10-23 14:00:10,"Top Trending Stocks on #fintwit: 
1. $TWTR ü•á
2. $DWAC ü•à
3. $SNAP ü•â
4. $PHUN
5. $NFLX
6. $X
7. $SWMA
8. $SWMAY
9.‚Ä¶ https://t.co/yh7QgF3ryR",1,1
203,2021-10-23 13:59:20,$NFLX +1.77% o_o‚ú® https://t.co/RwdNSesTZr,0,10
204,2021-10-23 13:49:57,If you're wondering why Netflix $NFLX is at all time highs ‚¨ÜÔ∏è,0,4
205,2021-10-23 13:49:55,"RT @MilleezTrades: Earnings for this week of 10/18/21! 

Lots of big names, you playing any?

$JNJ $NFLX $PG $UAL $SNAP $TSLA $NDAQ $ATT $C‚Ä¶",3,0
206,2021-10-23 13:48:49,"RT @StewarT36463950: &lt;FREE TRIAL&gt;
Join our educational and highly profitable trading group

$AAL $AAPL $AMZN $BA $BABA $BYND $CMG $DKNG $FB‚Ä¶",2,0
207,2021-10-23 13:47:30,"RT @TrendSpider: $NFLX Taking new highs one month at a time!
https://t.co/OmnYY76ktv",8,0
208,2021-10-23 13:44:56,"RT @TrendSpider: $NFLX Taking new highs one month at a time!
https://t.co/OmnYY76ktv",8,0
209,2021-10-23 13:40:56,"RT @SupremeOptions: Good Morning! ‚òïÔ∏è ‚òÄÔ∏è 

Any chart requests? üòÑ
flow requests? üåä

(Flow by @unusual_whales)

Let me know belowüëá

I‚Äôll be po‚Ä¶",4,0
210,2021-10-23 13:40:51,"RT @InvestrTrades: Lol they asked Mark Minervini what $UPST does and here is what he had to say. 

$TSLA $SHOP $ROKU $BYND $NVDA $NIO $AMD‚Ä¶",19,0
211,2021-10-23 13:38:20,"#IBD Stock Lists 
New highs with volume 
$SIVB $WAL $PAG $NFLX $TFII

Crossed above 50ma with volume 
$CLF",0,0
212,2021-10-23 13:38:12,"RT @BrianFeroldi: 9‚É£Not listening to people I trust

I have ignored buy recommendations on $SHOP, $NFLX, $NVDA, $ZM, $MTCH, $IDXX, $TWLO, $‚Ä¶",9,0
213,2021-10-23 13:35:08,"RT @ProlificTraders: Invest more than the average person, and you‚Äôll be able to retire sooner than the average person.
 
#StocksToWatch $MS‚Ä¶",2,0
214,2021-10-23 13:34:56,"RT @ProlificTraders: Invest more than the average person, and you‚Äôll be able to retire sooner than the average person.
 
#StocksToWatch $MS‚Ä¶",2,0
215,2021-10-23 13:34:39,"Invest more than the average person, and you‚Äôll be able to retire sooner than the average person.
 
#StocksToWatch‚Ä¶ https://t.co/rjMze0WnDK",2,4
216,2021-10-23 13:34:21,"RT @BrianFeroldi: 9‚É£Not listening to people I trust

I have ignored buy recommendations on $SHOP, $NFLX, $NVDA, $ZM, $MTCH, $IDXX, $TWLO, $‚Ä¶",9,0
217,2021-10-23 13:33:18,"RT @TrendSpider: $NFLX Taking new highs one month at a time!
https://t.co/OmnYY76ktv",8,0
218,2021-10-23 13:30:45,"RT @TrendSpider: $NFLX Taking new highs one month at a time!
https://t.co/OmnYY76ktv",8,0
219,2021-10-23 13:30:00,"$NFLX Taking new highs one month at a time!
https://t.co/OmnYY76ktv",8,34
220,2021-10-23 13:28:10,"RT @InvestrTrades: Lol they asked Mark Minervini what $UPST does and here is what he had to say. 

$TSLA $SHOP $ROKU $BYND $NVDA $NIO $AMD‚Ä¶",19,0
221,2021-10-23 13:27:46,"Good Morning! ‚òïÔ∏è ‚òÄÔ∏è 

Any chart requests? üòÑ
flow requests? üåä

(Flow by @unusual_whales)

Let me know belowüëá

I‚Äôll b‚Ä¶ https://t.co/DTHGPPv4uw",4,22
222,2021-10-23 13:26:11,"$NFLX Weekly. Outside wk. Strong move despite weak Q's, weak $SNAP, etc. (So, good RS). I played long - exited AHs‚Ä¶ https://t.co/F3vfbJNZnl",0,3
223,2021-10-23 13:24:54,"RT @NancyTracker: Returns, Last 10 Years..
Pelosi Capital: +69,420%
Bitcoin $BTC: +2,808,411%
Tesla $TSLA: +15,646%
NVIDIA $NVDA: +6,641%
N‚Ä¶",488,0
224,2021-10-23 13:24:00,"RT @dono_nft: Learn trading, get alerts, ideas, updates, analysis, exit and entry alertsüö®... üî•üî•

$AMD $NVDA $TSLA $NDX $SPY $AAPL $BABA $NF‚Ä¶",1,0
225,2021-10-23 13:22:28,"RT @StewarT36463950: &lt;FREE TRIAL&gt;
Join our educational and highly profitable trading group

$AAL $AAPL $AMZN $BA $BABA $BYND $CMG $DKNG $FB‚Ä¶",2,0
226,2021-10-23 13:22:14,"RT @NlCKStocks: Massive kickoff to Earnings SZN this week. Full steam ahead üöÇ

$JNJ $PG $NFLX $UAL $VZ $ABT $BIIB $IBM $LVS $TSLA $LRCX $T‚Ä¶",14,0
227,2021-10-23 13:22:10,RT @EBUYUKARSLAN: $sofi $upst $lev $lcid $tsla $nflx $bbig $cei $dats $tlry https://t.co/t7oyILo97S,1,0
228,2021-10-23 13:21:54,"RT @InvestrTrades: Lol they asked Mark Minervini what $UPST does and here is what he had to say. 

$TSLA $SHOP $ROKU $BYND $NVDA $NIO $AMD‚Ä¶",19,0
229,2021-10-23 13:21:48,"RT @MilleezTrades: Earnings for this week of 10/18/21! 

Lots of big names, you playing any?

$JNJ $NFLX $PG $UAL $SNAP $TSLA $NDAQ $ATT $C‚Ä¶",3,0
230,2021-10-23 13:20:54,"RT @EarlyBirdOption: The weekends are a great time to take a step back and review your trading!

How did you guys do this past week? Green,‚Ä¶",1,0
231,2021-10-23 13:18:37,"RT @BojanCerberus: $SPX $SPY yesterday‚Äôs gainers üí™:

$EL +4.50%
$NFLX +4.48%
$UAA +3.87%
$TSLA +3.26%

#stocks https://t.co/0m3JJwbWOB",1,0
232,2021-10-23 13:18:16,"RT @TraideOps: $AAPL, $WISH, $F, $BABA, $TSLA, $NFLX, $AMD  - Most active https://t.co/nEiNyBGOzO",7,0
233,2021-10-23 13:18:09,"RT @wolfofharcourt: This weeks earnings

Portfolio
$JNJ

Watching
$NFLX -&gt; $DIS + comparison
$TSLA -&gt; $NIO comparison
$SNAP -&gt; $FB comparis‚Ä¶",7,0
234,2021-10-23 13:18:03,"RT @charliebilello: Returns, Last 10 Years..
Bitcoin $BTC: +2,808,411%
Tesla $TSLA: +15,646%
NVIDIA $NVDA: +6,641%
Netflix $NFLX: +3,817%
D‚Ä¶",390,0
235,2021-10-23 13:13:07,$NFLX NEW ARTICLE : Netflix Investors Can't Ignore Slowing Growth Now https://t.co/upQVGMJXP5 Get all the latest‚Ä¶ https://t.co/CxAKf1K0i8,0,0
236,2021-10-23 13:12:21,"The weekends are a great time to take a step back and review your trading!

How did you guys do this past week? Gre‚Ä¶ https://t.co/r4a2XX1GcC",1,1
237,2021-10-23 13:06:40,"RT @DYORCryptoBot: [SCAN RESULTS - 1d]

Exchange: #FTX

Top 5 bullish trend (#PERP futures)
1: $FIDA
2: $SOL
3: $FTM
4: $LEO
5: $NEAR

Top‚Ä¶",1,0
238,2021-10-23 13:05:41,"Learn trading, get alerts, ideas, updates, analysis, exit and entry alertsüö®... üî•üî•

$AMD $NVDA $TSLA $NDX $SPY $AAPL‚Ä¶ https://t.co/EVAbkJiYTb",1,0
239,2021-10-23 13:03:27,$NFLX NEW ARTICLE : 2 Huge Details You Probably Didn't Notice in Netflix's Q3 Report https://t.co/Pd0XNNTBZ1 Get al‚Ä¶ https://t.co/jRUXIrt1jH,0,0
240,2021-10-23 13:02:21,"Posting trade ideas like $NFLX on Trading View, go follow üëáüèº

https://t.co/wyM6V3qMw3",0,0
241,2021-10-23 13:02:20,"[SCAN RESULTS - 1d]

Exchange: #FTX

Top 5 bullish trend (#PERP futures)
1: $FIDA
2: $SOL
3: $FTM
4: $LEO
5: $NEAR‚Ä¶ https://t.co/je9ygv28hv",1,1
242,2021-10-23 13:00:02,"$AFRM
#Tradehighlight

On Monday, we took $AFRM long for a 4.15% run based on our trigger. The 155C went 82%. 

Fol‚Ä¶ https://t.co/gmNi1hcaqT",0,1
243,2021-10-23 12:59:45,"$AAPL $TSLA $NFLX Daily and Weekly.
Looks like maybe $TSLA and $NFLX are just getting started.  

$AAPL‚Ä¶ https://t.co/Iie6HwWCMn",0,0
244,2021-10-23 12:59:14,"Crash Warning: Everything just changed - https://t.co/uczctiHyNN

#BTC #ETH $MSFT $FB $NVDA $BYND $TWLO $BKNG $COIN‚Ä¶ https://t.co/BKltIBLvin",0,0
245,2021-10-23 12:54:34,"$NFLX's Aroon indicator reaches into Uptrend on October 18, 2021. View odds for this and other indicators:‚Ä¶ https://t.co/wVBePGIqtz",0,0
246,2021-10-23 12:41:51,@MidwestHedgie @DonutShorts Real question I have for people is what was your favorite joke of his from that special‚Ä¶ https://t.co/jtpkz8Ht9z,0,1
247,2021-10-23 12:35:06,"If personality goes a long way and can take you far, can it also hold you back if you rub people the wrong way gene‚Ä¶ https://t.co/wiRrM3gMs4",0,1
248,2021-10-23 12:30:44,$NFLX $PFE $QQQ $NOK $CCL $FCX $VXX $XIN $AHT $AMST $GE $XLF $SQQQ $PBR $UONE $PLTR $GRAY $HBAN $WKHS $PTIX $PROG‚Ä¶ https://t.co/BnLR7atOQw,0,0
249,2021-10-23 12:25:01,Having a trusted team on your side will make all the difference when investing. Have you tried OptionAlarm yet? Fre‚Ä¶ https://t.co/gqDl8Wp2rx,0,0
250,2021-10-23 12:22:17,$NFLX and Squid Game https://t.co/HdLWPjSDoJ,0,1
251,2021-10-23 12:22:15,"RT @AjTrader7: IN TODAY'S RE-CAP FOR 10/20/2021 FROM PRE-MARKET NOTES

$NFLX
#9 PICK IN #ACT 
THIS WAS SIMPLY BEAUTIFUL
FOR $NFLX ON THE LO‚Ä¶",1,0
252,2021-10-23 12:21:50,"RT @AjTrader7: WHAT A DAY TO TRADE
""SMALL CAP FUN""
TODAY WAS #AWESOME, ITS WEDNESDAY AN WE WERE GIVEN LOTS OF OPPORTUNITIES
AFTER DOING THE‚Ä¶",1,0
253,2021-10-23 12:19:29,"5/ His only regret...
Not buying more companies he knew were great like $googl $nke $dis $nflx because they were al‚Ä¶ https://t.co/9oBs7hzx7w",0,6
254,2021-10-23 12:17:09,Check out these awesome trading systems: https://t.co/SlDMcCQf0c $AAPL $NFLX $TSLA $FB $VIX $DWTI $UWTI $SPY,0,0
255,2021-10-23 12:12:56,"$NFLX 960C Exp:17-Mar-23 --  üöÄ &lt;R&gt; Total(Day): $133,190 
#SmartMoneyFlow 

!FREE! beta ver. :‚Ä¶ https://t.co/YMGmtuBlLE",0,0
256,2021-10-23 12:03:32,"[SCAN RESULTS - 4h]

Exchange: #FTX

Top 5 bullish trend (#PERP futures)
1: $LINK
2: $ZEC
3: $RUNE
4: $OKB
5: $CRV‚Ä¶ https://t.co/9jmk9K9oyz",0,1
257,2021-10-23 12:01:07,251 Profit-Packed Option Trades Yearly--Delivered to Your Inbox Daily--FREE TRIAL and then LESS THAN $1/DAY!‚Ä¶ https://t.co/LYpHou5ao9,0,0
258,2021-10-23 11:57:23,RT @exileofthemain: @hfrcapital The moat is they spent $17M on the show and got 100M people to watch it. $NFLX,1,0
259,2021-10-23 11:57:15,@hfrcapital The moat is they spent $17M on the show and got 100M people to watch it. $NFLX,1,2
260,2021-10-23 11:56:13,I‚Äôm watching Squid Game because all of FinTwit is watching it and it‚Äôs a requirement to stay on top of the meme gam‚Ä¶ https://t.co/rd1g0u1wvG,0,5
261,2021-10-23 11:46:52,"RT @eToro: üéô On the pod:

üî• $BTC ETF, üöó $TSLA &amp; üì∫ $NFLX earnings",7,0
262,2021-10-23 11:43:38,"RT @NancyTracker: Returns, Last 10 Years..
Pelosi Capital: +69,420%
Bitcoin $BTC: +2,808,411%
Tesla $TSLA: +15,646%
NVIDIA $NVDA: +6,641%
N‚Ä¶",488,0
263,2021-10-23 11:40:20,"Steady Flow Of Airplanes Flying Over My House Going Into Atlanta Airport This Morning
$aapl $amzn $abbv $brk $ba‚Ä¶ https://t.co/0YAEsAkaJM",0,0
264,2021-10-23 11:39:31,$NFLX update. Shared this idea on Wednesday. Followed with breakout and two days of beautiful candles‚Ä¶ https://t.co/4aUC1GLHRg,0,5
265,2021-10-23 11:27:55,Snap Can Win Social Media‚Äôs Squid Game $NFLX $AAPL $PINS $JEF https://t.co/7DvRJKoukx,0,0
266,2021-10-23 11:26:56,Snap Can Win Social Media‚Äôs Squid Game3 min read $NFLX $AAPL $PINS $JEF https://t.co/ClYpdlYH4K,0,0
267,2021-10-23 11:24:02,@imSun504 $NFLX https://t.co/R9AHTX2Nxl,0,2
268,2021-10-23 11:23:46,$NFLX monthly update https://t.co/5FpYa8D26i https://t.co/GpHr76m5XG,0,7
269,2021-10-23 11:02:10,"[SCAN RESULTS - 1h]

Exchange: #FTX

Top 5 bullish trend (#PERP futures)
1: $LEO
2: $LINK
3: $RUNE
4: $KAVA
5: $ZEC‚Ä¶ https://t.co/6069r4O6cb",1,1
270,2021-10-23 11:00:43,251 Profit-Packed Option Trades Yearly--Delivered to Your Inbox Daily--FREE TRIAL and then LESS THAN $1/DAY!‚Ä¶ https://t.co/AAIMLRbV6U,0,0
271,2021-10-23 10:51:27,"RT @eToro: üéô On the pod:

üî• $BTC ETF, üöó $TSLA &amp; üì∫ $NFLX earnings",7,0
272,2021-10-23 10:43:27,"RT @Tischendorf: Premium Letter 296 is out

Focus remains on Melt-Up

1 Video - 1h 13 min

Stock Review: $SNAP $NFLX $UPST $AMBA $AEHR $AFR‚Ä¶",7,0
273,2021-10-23 10:43:17,"RT @LMT978: $SPX is testing new all-time highs along with many sector leaders: $MSFT $TSLA $NVDA $JPM $UNH $BAC $HD $NFLX $AXP

New all-tim‚Ä¶",2,0
274,2021-10-23 10:41:01,"RT @Marlin_Capital: The S&amp;P is looking to break out of its 3rd major consolidation period of the year. 

The past 2 breakouts have led to ~‚Ä¶",14,0
275,2021-10-23 10:40:27,RT @EuropeanTraders: Slideshow: New photos go inside Tesla‚Äôs $1.1 billion Austin factory as it nears completion https://t.co/5hXHQ6T9Wz $DA‚Ä¶,1,0
276,2021-10-23 10:29:14,"Premium Letter 296 is out

Focus remains on Melt-Up

1 Video - 1h 13 min

Stock Review: $SNAP $NFLX $UPST $AMBA‚Ä¶ https://t.co/wEu8354qWQ",7,34
277,2021-10-23 10:22:03,Markets Experience Another Record Setting Week ‚Äì $AAPL $DWAC $INM $INMB $MARK $NFLX $PHUN $TSLA Rise!‚Ä¶ https://t.co/lY5EINu2gP,3,4
278,2021-10-23 10:00:37,"RT @charliebilello: Returns, Last 10 Years..
Bitcoin $BTC: +2,808,411%
Tesla $TSLA: +15,646%
NVIDIA $NVDA: +6,641%
Netflix $NFLX: +3,817%
D‚Ä¶",390,0
279,2021-10-23 09:57:57,https://t.co/c5f9uQLgJf $NFLX Squid games and retail ties.,0,1
280,2021-10-23 09:35:56,"RT @Marlin_Capital: The S&amp;P is looking to break out of its 3rd major consolidation period of the year. 

The past 2 breakouts have led to ~‚Ä¶",14,0
281,2021-10-23 09:09:22,"[NASDAQ]
NewHigh-Count/Communication Service
$STGW 1
$MTCH 1
$NFLX 1
$CIDM 1
$WMG 1

From:2021/10/18„Äú",0,0
282,2021-10-23 09:04:05,"[SCAN RESULTS - 1h]

Exchange: #FTX

Top 5 bullish trend (#PERP futures)
1: $LINK
2: $RUNE
3: $ZIL
4: $DEFI
5: $ZEC‚Ä¶ https://t.co/YgU2uDHqdc",0,4
283,2021-10-23 09:02:04,"RT @starcevic_alex: New 10/21
$F
$AAPL
$T
$PYPL
$SNAP
$INTC
$AMD
$IBM
$TSLA
$AAL
$PINS
$PFE
$NVDA
$MSFT
$FB
$EAR
$TSC
$LUV
$DAL
$TWTR
$NFLX‚Ä¶",2,0
284,2021-10-23 08:54:54,Silicon Valley Giants Built an Open Culture. Now Workers Are Holding Them to It. $GOOG $AAPL $FB $PACB $NFLX https://t.co/fboMWRFNT8,0,0
285,2021-10-23 08:34:26,$NFLX #SquidGames https://t.co/ahNnwCJmZI,0,0
286,2021-10-23 08:33:00,"Sign Up to Our Mailing List to Access A Sneak peak of Our Weekly Newsletter and Last Week in Review:

Sign Up Botto‚Ä¶ https://t.co/E6HilXzFqu",0,0
287,2021-10-23 08:19:31,"RT @eWhispers: #earnings for the week 

https://t.co/lObOE0dgsr 

$TSLA $NFLX $JNJ $CLF $SNAP $VZ $ASML $T $INTC $HAL $ERIC $NUE $UAL $PG $‚Ä¶",461,0
288,2021-10-23 08:12:05,"+154% on #BTC LONG! How? Check the channel and discover üëâ https://t.co/gRZWTgFXjP

$MJNA $MSFT $IBM $AMD $WST $COO‚Ä¶ https://t.co/9ESQhhZNQP",0,0
289,2021-10-23 07:37:44,LiveSquawk: $NFLX https://t.co/4BcJ5XxKXz,0,0
290,2021-10-23 07:37:39,"LiveSquawk: RT @IGSquawk: FANG+ Constituents:

$AAPL 149.31 -0.12%
$AMZN 3351.1 -2.45%
$BABA 176.44 -0.56%
$BIDU 17‚Ä¶ https://t.co/QFGlyV5a8p",0,0
291,2021-10-23 07:27:33,RT @elissss00: #ChinaHustle being removed from $NFLX as a fake news informercial and a fraud.  Much of the China hustle is fake and was exp‚Ä¶,2,0
292,2021-10-23 07:23:59,"Join the most profitable trading group 
üëåüëåüëå
$VIX $TLT $SMH $INTC $IBM $NVDA $AMD $GBTC $BITO $COIN $GLD $SPY $IWM‚Ä¶ https://t.co/WqTmc7wdaH",0,0
293,2021-10-23 07:16:00,"RT @elissss00: #ChinaHustle is now being REMOVED from $NFLX as a fraudulent informercial, it was a paid FAKE PR stunt where Dan David an UN‚Ä¶",1,0
294,2021-10-23 07:15:55,RT @elissss00: #ChinaHustle being removed from $NFLX as a fake news informercial and a fraud.  Much of the China hustle is fake and was exp‚Ä¶,2,0
295,2021-10-23 07:14:35,"Most mentioned crypto coin in this week 

$VIX $TLT $SMH $INTC $IBM $NVDA $AMD $GBTC $BITO $COIN $GLD $SPY $IWM‚Ä¶ https://t.co/JznrpnvIdZ",0,1
296,2021-10-23 07:08:53,@Mavis750 @RobInTheBlack @danielgbones ? ..... It's directly related to risk reward. Watch the recorded live one ca‚Ä¶ https://t.co/8dgZJwL10J,0,1
297,2021-10-23 07:07:08,"RT @NancyTracker: Returns, Last 10 Years..
Pelosi Capital: +69,420%
Bitcoin $BTC: +2,808,411%
Tesla $TSLA: +15,646%
NVIDIA $NVDA: +6,641%
N‚Ä¶",488,0
298,2021-10-23 07:01:37,"RT @IGSquawk: FANG+ Constituents:

$AAPL 149.31 -0.12%
$AMZN 3351.1 -2.45%
$BABA 176.44 -0.56%
$BIDU 177.33 -1.79%‚Ä¶ https://t.co/uXuxT8WspO",0,0
299,2021-10-23 06:58:49,"Most profitable trading community
üëçüëçüëçüëçüëç
$TSLA $AMZN $HUT $UPST $NET $MRNA $AAPL $COIN $AFRM $MSFT $NVDA $NFLX $LCID‚Ä¶ https://t.co/rBIURkwQJl",0,0
300,2021-10-23 06:55:07,"RT @stocksera_bot: Most mentioned tickers in #WSB in last 6H

1. $DWAC (32)
2. $SPY (16)
3. $GME (14)
4. $SNAP (12)
5. $DUNE (12)
6. $WISH‚Ä¶",1,0
301,2021-10-23 06:52:12,"RT @NancyTracker: Returns, Last 10 Years..
Pelosi Capital: +69,420%
Bitcoin $BTC: +2,808,411%
Tesla $TSLA: +15,646%
NVIDIA $NVDA: +6,641%
N‚Ä¶",488,0
302,2021-10-23 06:48:27,"RT @NancyTracker: Returns, Last 10 Years..
Pelosi Capital: +69,420%
Bitcoin $BTC: +2,808,411%
Tesla $TSLA: +15,646%
NVIDIA $NVDA: +6,641%
N‚Ä¶",488,0
303,2021-10-23 06:42:38,"RT @ProlificTraders: The only way of getting rich without exposing yourself to risk is by inheriting money.

In other words, don‚Äôt be too a‚Ä¶",3,0
304,2021-10-23 06:41:48,"HBI-Long
AL 17,18
TL 18,94
RL 18,13
SL 16,3
TG: https://t.co/XLEtEOB7lk
https://t.co/RvqMmPLi3K

$AMD $NASDAQ‚Ä¶ https://t.co/CrAXBe7fn2",0,0
305,2021-10-23 06:31:01,"TJX-Long
AL 65,08
TL 68,73
RL 66,68
SL 62,8
TG: https://t.co/XLEtEOB7lk
https://t.co/NCUNrlESmz

$AMD $NASDAQ‚Ä¶ https://t.co/4x6rUMRCSL",0,0
306,2021-10-23 06:17:37,"RT @MrTeslaX: Top 20 stocks conviction for 5 years
1. $TSLA
2. $SE
3. $NVDA
4. $SOFI
5. $LMND
6. $CRWD
7. $AMD
8. $ZM
9. $QCOM
10. $TSM
11.‚Ä¶",4,0
307,2021-10-23 06:17:11,"MUST BUYS FOR MILLENIAL ( #Crypto+#stocks)

1- $BTC
2- $BNB
3- $ETH
4- $GOOGL
5- $DOP
6- $MSFT
7- $NFLX
8- $AMZN
9-‚Ä¶ https://t.co/8YVDVyI1tP",0,1
308,2021-10-23 06:10:18,"TOP 10 BUYS FOR MILLENIAL ( #Crypto+#stocks)

1- $BTC
2- $BNB
3- $ETH
4- $GOOGL
5- $DOP
6- $MSFT
7- $NFLX
8- $AMZN‚Ä¶ https://t.co/a2cT3OXIHF",0,0
309,2021-10-23 06:07:52,"$NFLX
Waiting for short signal
https://t.co/cHOF4URXXj https://t.co/XgXgf5WWFx",0,0
310,2021-10-23 06:06:25,"RT @ProlificTraders: The only way of getting rich without exposing yourself to risk is by inheriting money.

In other words, don‚Äôt be too a‚Ä¶",3,0
311,2021-10-23 06:06:15,"RT @ProlificTraders: The only way of getting rich without exposing yourself to risk is by inheriting money.

In other words, don‚Äôt be too a‚Ä¶",3,0
312,2021-10-23 06:05:57,"The only way of getting rich without exposing yourself to risk is by inheriting money.

In other words, don‚Äôt be to‚Ä¶ https://t.co/tfDlcjGMiI",3,7
313,2021-10-23 06:04:42,"Discord- $NFLX  a better, more executive trading chat room ‚ù§‚ù§‚ù§‚ù§ 
Will teach and coach you analysis

$TSLA 
$SPY‚Ä¶ https://t.co/YIjituNgpw",0,0
314,2021-10-23 06:02:49,"Most mentioned tickers in #WSB in last 6H

1. $DWAC (32)
2. $SPY (16)
3. $GME (14)
4. $SNAP (12)
5. $DUNE (12)
6.‚Ä¶ https://t.co/TRTvsakSrn",1,0
315,2021-10-23 06:01:44,"[SCAN RESULTS - 1h]

Exchange: #FTX

Top 5 bullish trend (#PERP futures)
1: $ZEC
2: $AMPL
3: $RSR
4: $HT
5: $CRV

T‚Ä¶ https://t.co/9mIjOkjns9",1,2
316,2021-10-23 06:01:29,"$BTC $ETH $LINK $XTZ $ADA $VET $KNC $SXP $TWTR $ES $JD $BABA $BIDU $TME 
$SPY $QQQ $DIS $TSLA $SHOP
$AMD $AAPL $SQ‚Ä¶ https://t.co/kvMuOtcfCq",0,0
317,2021-10-23 05:48:58,"RT @JustinPulitzer: üÜïWEEKEND VIDEO 10/24: https://t.co/58pSYYDyv6

$VIX $TLT $SMH $INTC $IBM $NVDA $AMD $GBTC $BITO $COIN $GLD $SPY $IWM $D‚Ä¶",5,0
318,2021-10-23 05:41:22,"RT @JustinPulitzer: üÜïWEEKEND VIDEO 10/24: https://t.co/58pSYYDyv6

$VIX $TLT $SMH $INTC $IBM $NVDA $AMD $GBTC $BITO $COIN $GLD $SPY $IWM $D‚Ä¶",5,0
319,2021-10-23 05:41:13,"RT @JustinPulitzer: üÜïWEEKEND VIDEO 10/24: https://t.co/58pSYYDyv6

$VIX $TLT $SMH $INTC $IBM $NVDA $AMD $GBTC $BITO $COIN $GLD $SPY $IWM $D‚Ä¶",5,0
320,2021-10-23 05:39:22,#Investment #investing #stocks #stockstowatch #wallstreetbets $mmat $phun $sndl $nakd $cei $ocgn $fb $wish $fami‚Ä¶ https://t.co/K1Y4PhHLb6,1,1
321,2021-10-23 05:38:17,"üÜïWEEKEND VIDEO 10/24: https://t.co/58pSYYDyv6

$VIX $TLT $SMH $INTC $IBM $NVDA $AMD $GBTC $BITO $COIN $GLD $SPY‚Ä¶ https://t.co/RiroybVAJu",5,4
322,2021-10-23 05:31:59,"[SCAN RESULTS - 15m]

Exchange: #FTX

Top 5 bullish trend (#PERP futures)
1: $RUNE
2: $ZEC
3: $RSR
4: $AUDIO
5:‚Ä¶ https://t.co/54guBWnKM2",0,0
323,2021-10-23 05:16:40,"[SCAN RESULTS - 15m]

Exchange: #FTX

Top 5 bullish trend (#PERP futures)
1: $RUNE
2: $ZEC
3: $AUDIO
4: $CHZ
5: $C9‚Ä¶ https://t.co/hAJV2o35Ur",1,0
324,2021-10-23 05:15:54,RT @OptionsAction: Play it again! Tony Zhang of @OptionsPlay looks back on a recent $NFLX trade. https://t.co/6qC1pulac4,5,0
325,2021-10-23 05:10:03,"RT @BearishBullsCEO: $NFLX alert now up 630% üî•üöÄ 

From $4.30 to $30.66 https://t.co/O20FYKGyLM",1,0
326,2021-10-23 05:09:38,"RT @YahooFinance: ‚ÄúCorporations aren‚Äôt as culturally fluent as they need to be,‚Äù The Britto Agency's @Marvetbritto says on the Dave Chappel‚Ä¶",4,0
327,2021-10-23 04:59:30,"RT @nataouii: 3/3 on Lotto Friday picks üî•

$NVDA 230C | 65% (Bought at $0.97 -&gt; Sold at $1.6)
$TSLA 920C | 100% (Bought at $1.3 -&gt; Sold at‚Ä¶",1,0
328,2021-10-23 04:46:36,"[SCAN RESULTS - 15m]

Exchange: #FTX

Top 5 bullish trend (#PERP futures)
1: $RUNE
2: $ZEC
3: $YFI
4: $AUDIO
5:‚Ä¶ https://t.co/XnwXSXyPWc",0,0
329,2021-10-23 04:43:01,$EBAY amazing roller coaster which just kept going up! Calls thats we took around Wednesday went almost 900% and to‚Ä¶ https://t.co/97y4f25Bi6,1,0
330,2021-10-23 04:42:23,"Most profitable trading community
üß©üß©üß©üß©üß©
$SPY $NDX $IWM $QQQ $SPX $VIX $BTC $ETH $AAPL $TSLA $AMC $DWAC $PHUN $SNAP‚Ä¶ https://t.co/rh6uPQiU3D",0,0
331,2021-10-23 04:40:01,"Most mentioned crypto coin in this week 
üí∏üí∏üí∏üí∏üí∏üí∏üí∏

$TSLA $AMZN $HUT $UPST $NET $MRNA $AAPL $COIN $AFRM $MSFT $NVDA‚Ä¶ https://t.co/LlZKuyVgeR",0,0
332,2021-10-23 04:35:13,RT @OptionsAction: Play it again! Tony Zhang of @OptionsPlay looks back on a recent $NFLX trade. https://t.co/6qC1pulac4,5,0
333,2021-10-23 04:31:38,"[SCAN RESULTS - 15m]

Exchange: #FTX

Top 5 bullish trend (#PERP futures)
1: $AUDIO
2: $ZEC
3: $CRV
4: $YFI
5:‚Ä¶ https://t.co/gjo1OgESdZ",0,0
334,2021-10-23 04:23:44,"RT @DYORCryptoBot: [SCAN RESULTS - 15m]

Exchange: #FTX

Top 5 bullish trend (#PERP futures)
1: $AUDIO
2: $ZEC
3: $DODO
4: $ZIL
5: $HT

Top‚Ä¶",1,0
335,2021-10-23 04:18:23,"1000% almost half a mile here. You in our discord? We've been on fire!! ... .üê∑

$AAPL $AMZN $XTZ $NFLX $BABA $BIDU‚Ä¶ https://t.co/nWBbGYqsPE",0,0
336,2021-10-23 04:16:34,"[SCAN RESULTS - 15m]

Exchange: #FTX

Top 5 bullish trend (#PERP futures)
1: $AUDIO
2: $ZEC
3: $DODO
4: $CRV
5:‚Ä¶ https://t.co/UI7Q6SgOYh",0,0
337,2021-10-23 04:15:34,"Just found out Netflix released a Pok√©mon movie earlier this year, bullish as ever on $NFLX",0,0
338,2021-10-23 04:14:01,"3/3 on Lotto Friday picks üî•

$NVDA 230C | 65% (Bought at $0.97 -&gt; Sold at $1.6)
$TSLA 920C | 100% (Bought at $1.3 -‚Ä¶ https://t.co/OaJKlVBc81",1,11
339,2021-10-23 04:11:38,"Learn trading, get alerts, ideas, updates, analysis, exit and entry alertsüö®... 

$AMD $NVDA $TSLA $NDX $SPY $AAPL‚Ä¶ https://t.co/wT0oK8IFuT",0,0
340,2021-10-23 04:07:25,"RT @japanesenemo: mypf
$abnb $astr $ba $nflx $pltr $se

ytd 17.02%",1,0
341,2021-10-23 03:52:05,"mypf
$abnb $astr $ba $nflx $pltr $se

ytd 17.02%",1,0
342,2021-10-23 03:46:38,"[SCAN RESULTS - 15m]

Exchange: #FTX

Top 5 bullish trend (#PERP futures)
1: $AUDIO
2: $ZEC
3: $ZIL
4: $DODO
5: $HT‚Ä¶ https://t.co/AzLzVof0ma",0,0
343,2021-10-23 03:45:10,"RT @charliebilello: Returns, Last 10 Years..
Bitcoin $BTC: +2,808,411%
Tesla $TSLA: +15,646%
NVIDIA $NVDA: +6,641%
Netflix $NFLX: +3,817%
D‚Ä¶",390,0
344,2021-10-23 03:31:44,"[SCAN RESULTS - 15m]

Exchange: #FTX

Top 5 bullish trend (#PERP futures)
1: $AUDIO
2: $ZEC
3: $DODO
4: $ZIL
5: $HT‚Ä¶ https://t.co/g4xznUb6Ns",1,0
345,2021-10-23 03:30:08,"RT @MarketRebels: $CLF 345k (79% call/21% put)
$AMZN 331k (61% call/39% put)
$SLV 248k (77% call/23% put)
$BABA 225k (67% call/33% put)
$PY‚Ä¶",2,0
346,2021-10-23 03:28:04,"RT @eWhispers: #earnings for the week 

https://t.co/lObOE0dgsr 

$TSLA $NFLX $JNJ $CLF $SNAP $VZ $ASML $T $INTC $HAL $ERIC $NUE $UAL $PG $‚Ä¶",461,0
347,2021-10-23 03:27:16,$NFLX Oct 22 $620 calls for 7.75. https://t.co/frH5XZJ92h,0,0
348,2021-10-23 03:23:42,"RT @charliebilello: Returns, Last 10 Years..
Bitcoin $BTC: +2,808,411%
Tesla $TSLA: +15,646%
NVIDIA $NVDA: +6,641%
Netflix $NFLX: +3,817%
D‚Ä¶",390,0
349,2021-10-23 03:23:39,"$SGAM is this going to be the new $NFLX? üì£

#NFLX #Bullish #SGAM https://t.co/IbIjQmelYn",0,1
350,2021-10-23 03:16:28,"[SCAN RESULTS - 15m]

Exchange: #FTX

Top 5 bullish trend (#PERP futures)
1: $ZEC
2: $AUDIO
3: $DODO
4: $CREAM
5:‚Ä¶ https://t.co/KEB8pt91Rp",0,1
351,2021-10-23 03:13:59,"The stock market is NOT for the weak

Have conviction in your plays 

DO THE WORK

Avg. down on red days

ALWAYS ha‚Ä¶ https://t.co/QXGM9i1Vn8",0,8
352,2021-10-23 03:03:41,"[SCAN RESULTS - 1h]

Exchange: #FTX

Top 5 bullish trend (#PERP futures)
1: $ZEC
2: $AMPL
3: $RSR
4: $HT
5: $CRV

T‚Ä¶ https://t.co/knL3ON0zNt",1,1
353,2021-10-23 02:58:46,"$SDC let's go!! üöÄ üöÄ 

@The_RockTrading on board!!! Monday we bring the heat to the #shorts! 
#shortsqueeze 

$DWAC‚Ä¶ https://t.co/BDoFOMlqAK",1,5
354,2021-10-23 02:46:33,"[SCAN RESULTS - 15m]

Exchange: #FTX

Top 5 bullish trend (#PERP futures)
1: $ZIL
2: $CREAM
3: $AVAX
4: $ONE
5:‚Ä¶ https://t.co/6NNM8ZQISh",0,0
355,2021-10-23 02:41:43,"1000% almost half a mile here. You in our discord? We've been on fire!! 

$AAPL $AMZN $FB $NFLX $BABA $BIDU $BABA‚Ä¶ https://t.co/Pfx3KPXk28",0,0
356,2021-10-23 02:40:46,"RT @charliebilello: Returns, Last 10 Years..
Bitcoin $BTC: +2,808,411%
Tesla $TSLA: +15,646%
NVIDIA $NVDA: +6,641%
Netflix $NFLX: +3,817%
D‚Ä¶",390,0
357,2021-10-23 02:39:29,RT @stockspastor: Be on the right side of the market @OptionsPastor $DWAC $100.  $SPY $454 $ZM $ROKU $NFLX $ABT $W $HX $NVDA $TSLA @wallstr‚Ä¶,3,0
358,2021-10-23 02:31:31,"[SCAN RESULTS - 15m]

Exchange: #FTX

Top 5 bullish trend (#PERP futures)
1: $CREAM
2: $ZIL
3: $LEO
4: $ONE
5:‚Ä¶ https://t.co/irjYQD1LFH",0,0
359,2021-10-23 02:28:46,"RT @charliebilello: Returns, Last 10 Years..
Bitcoin $BTC: +2,808,411%
Tesla $TSLA: +15,646%
NVIDIA $NVDA: +6,641%
Netflix $NFLX: +3,817%
D‚Ä¶",390,0
360,2021-10-23 02:26:09,"10.22.21 FRI

$AFRM
$CLF $GOOGL $UPWK $FB $NFLX $TSLA $AMZN $SNAP $PINS $AXP $AN $DWAC $OLN $PHUN $BLD $BTCY $BENE‚Ä¶ https://t.co/FMFJ1ghtkx",1,0
361,2021-10-23 02:25:14,"RT @ValueAnalyst1: Innovation &amp; Growth:
Sell $AAPL, Buy $TSLA

Public Safety:
Sell $FB, Buy $TSLA

Total Addressable Market:
Sell $NFLX, Bu‚Ä¶",24,0
362,2021-10-23 02:22:19,"Did I watch Squid Game because all my friends were watching it? Yes. 
Was it worth it? Yes, it was really good.
$NFLX",0,26
363,2021-10-23 02:19:06,"üë©‚ÄçüöÄ üö® Weekly results ‚úÖ üìà
$NFLX 1.25-10.00+
$ROKU 2.8-9.00+
$PHUN 900%
$FB 1.8-4.00
$FUTU .8-3.00+ 
$SPY .33-2.10+‚Ä¶ https://t.co/Fz74fEr4TT",0,1
364,2021-10-23 02:16:37,"[SCAN RESULTS - 15m]

Exchange: #FTX

Top 5 bullish trend (#PERP futures)
1: $CREAM
2: $LEO
3: $ONE
4: $ZIL
5: $ZEC‚Ä¶ https://t.co/QhBayuxwsq",0,0
365,2021-10-23 02:16:13,RT @TDANetwork: üé• LIVE: #TheWatchList üëâ @LarreaWealth gives his current take on the overall market and breaks down his latest set of stock‚Ä¶,2,0
366,2021-10-23 02:16:05,@GrantCardone @DaveChappelle @netflix $NFLX must‚Äôve heard about that woke and broke thing,0,1
367,2021-10-23 02:09:17,"RT @charliebilello: Returns, Last 10 Years..
Bitcoin $BTC: +2,808,411%
Tesla $TSLA: +15,646%
NVIDIA $NVDA: +6,641%
Netflix $NFLX: +3,817%
D‚Ä¶",390,0
368,2021-10-23 02:05:38,"RT @John_StockCoach: $803,780

10-22-2021

Friday's Trading
Stocks (Day) - $TSLA $DWAC $CROX $MRNA $MTCH $NVDA $NFLX $BNTX $AFRM $ASML $DWA‚Ä¶",2,0
369,2021-10-23 02:04:45,"~When I was novice I made a lot of mistakes then I came to know about this C0mmunity.,,https://t.co/79VjTSeqr3‚Ä¶ https://t.co/lFGl6ExVwO",1,0
370,2021-10-23 02:04:17,"@McGroartyRobert @MCejasian Same. Not buying $NFLX, $TSLA or $MSFT at these levels. Was in and out of weeklies‚Ä¶ https://t.co/EJC3zje83Z",1,1
371,2021-10-23 02:02:55,"[SCAN RESULTS - 1h]

Exchange: #FTX

Top 5 bullish trend (#PERP futures)
1: $ZEC
2: $AMPL
3: $LEO
4: $RSR
5: $CRV‚Ä¶ https://t.co/LN17bbMpw8",1,0
372,2021-10-23 02:01:36,"RT @charliebilello: Returns, Last 10 Years..
Bitcoin $BTC: +2,808,411%
Tesla $TSLA: +15,646%
NVIDIA $NVDA: +6,641%
Netflix $NFLX: +3,817%
D‚Ä¶",390,0
373,2021-10-23 01:59:59,"RT @puppy_trades: $NFLX held above 495 and went on a Wave 3 to 606 in less than 2 months, then had a shallow Wave 4 that retested the Wave‚Ä¶",5,0
374,2021-10-23 01:49:35,Monday banks will rip ! $NFLX has spoken. $JPM 14 points! Rates up üò≠üìà https://t.co/TjZwk1TLmn,0,2
375,2021-10-23 01:49:30,RT @stockspastor: Be on the right side of the market @OptionsPastor $DWAC $100.  $SPY $454 $ZM $ROKU $NFLX $ABT $W $HX $NVDA $TSLA @wallstr‚Ä¶,3,0
376,2021-10-23 01:48:05,"RT @wolf_vukovic: 1/ The idea is to create a new media powerhouse, with a streaming and news service that aims to disrupt CNN, $NFLX &amp; $DIS‚Ä¶",1,0
377,2021-10-23 01:46:37,"[SCAN RESULTS - 15m]

Exchange: #FTX

Top 5 bullish trend (#PERP futures)
1: $LEO
2: $ONE
3: $FTM
4: $ZEC
5: $ZIL‚Ä¶ https://t.co/qq5lTHl5V1",0,1
378,2021-10-23 01:45:29,RT @LiveSquawk: $NFLX,3,0
379,2021-10-23 01:33:20,"$MARK, $NFLX, $PROG, $BLNK, $BROS Algorithmically curated trade ideas for top tickers with options sweep activity d‚Ä¶ https://t.co/d2m4Vzji55",0,0
380,2021-10-23 01:31:43,"[SCAN RESULTS - 15m]

Exchange: #FTX

Top 5 bullish trend (#PERP futures)
1: $LEO
2: $ONE
3: $FTM
4: $HT
5: $AUDIO‚Ä¶ https://t.co/a02pbJZkqp",1,0
381,2021-10-23 01:16:26,"[SCAN RESULTS - 15m]

Exchange: #FTX

Top 5 bullish trend (#PERP futures)
1: $FTM
2: $LEO
3: $ONE
4: $HT
5: $CRV

T‚Ä¶ https://t.co/hSzZ2y0Trf",0,1
382,2021-10-23 01:11:25,Over eighty $SPX #stocks put in new 52 week highs Friday. Largest by marketcap include $MSFT $TSLA $NVDA $JPM $UNH‚Ä¶ https://t.co/H6fzMbtpZD,0,0
383,2021-10-23 01:10:58,"RT @XclusiveTrading: #XclusiveTriggers 7/13 ResultsüíØ

$NOW under 558 went to 555üéØ
$GS under 380 went to 372.01üéØ
$TSLA under 684 went to 666‚Ä¶",11,0
384,2021-10-23 01:07:23,Has news update coming here... Don't miss on radar!! $TSLA $AMC $RKT $BB $WKHS $AAPL $CLOV $SOFI $FB $AAPL $NFLX‚Ä¶ https://t.co/rHbXPEvr3E,0,0
385,2021-10-23 01:07:14,@MarketRebels $NFLX commons and calls after the drop #HarambeEquities,0,0
386,2021-10-23 01:06:20,"Have a great weekend everyone! 

Got a chart request? Comment below!

$NVDA $AAPL $FB $AMZN $GOOGL $NFLX $TWTR‚Ä¶ https://t.co/N92Cu0n3j7",0,0
387,2021-10-23 01:03:19,"[SCAN RESULTS - 4h]

Exchange: #FTX

Top 5 bullish trend (#PERP futures)
1: $ZEC
2: $OKB
3: $RUNE
4: $AMPL
5: $FLM‚Ä¶ https://t.co/m4UNy3OA6j",0,0
388,2021-10-23 01:01:23,"@Helloimmorgan Returns, Last 10 Years..
Pelosi Capital: +69,420%
Bitcoin $BTC: +2,808,411%
Tesla $TSLA: +15,646%
NV‚Ä¶ https://t.co/VkLPXAuRSu",0,5
389,2021-10-23 01:00:53,US STOCKS-Nasdaq futures edge lower after Intel's margin warning $FB $AAPL $TSLA $MSFT $NFLX https://t.co/udwZMy9vhS,0,0
390,2021-10-23 01:00:14,"r/WallStreetBets daily discussion mentions over the last hour (rank 1-10)
1. $FB (10 mentions)
2. $DWAC (5)
3.‚Ä¶ https://t.co/XqMxe0Vynw",0,0
391,2021-10-23 00:59:23,RT US Stocks OVERVALUED by 50% at the same stage as before GREAT CRASH as Wall Street is swayed by Fed's zero inter‚Ä¶ https://t.co/FmPISqulzA,0,0
392,2021-10-23 00:57:30,"This Week‚Äôs Biggest Ticker News Increases (10/18 - 10/22) üìä

1. $AAPL
2. $TSLA 
3. $INTC
4. $TGT
5. $NFLX https://t.co/fLDpLp6hfj",0,1
393,2021-10-23 00:57:00,"RT @charliebilello: Returns, Last 10 Years..
Bitcoin $BTC: +2,808,411%
Tesla $TSLA: +15,646%
NVIDIA $NVDA: +6,641%
Netflix $NFLX: +3,817%
D‚Ä¶",390,0
394,2021-10-23 00:54:40,"$BTC $ETH $LINK $XTZ $ADA $VET $KNC $SXP $TWTR $ES $JD $BABA $BIDU $TME 
  $ROKU $NFLX $FB  $GILD  $MSFT $SPY $BTC‚Ä¶ https://t.co/3dEfghzoNj",0,0
395,2021-10-23 00:48:02,"Does $NFLX reveal how many subscribers watch Squid Games dubbed vs subtitles?

- Would tell you a lot about their audience",0,0
396,2021-10-23 00:48:00,"RT @eToro: üéô On the pod:

üî• $BTC ETF, üöó $TSLA &amp; üì∫ $NFLX earnings",7,0
397,2021-10-23 00:46:32,"[SCAN RESULTS - 15m]

Exchange: #FTX

Top 5 bullish trend (#PERP futures)
1: $LEO
2: $HT
3: $ONE
4: $CRV
5: $DYDX‚Ä¶ https://t.co/UdvzIb2TiV",0,3
398,2021-10-23 00:46:23,"RT @PrintingProfit: Am I the only one who enjoys watching $NFLX's stock more than their actual shows? (Don't get me wrong, Squid Games was‚Ä¶",4,0
399,2021-10-23 00:39:42,"RT @thuhkang: Today's Most Active Calls...

$TSLA $SNAP $FB $NFLX $AMZN $SHOP

üëâhttps://t.co/2s8fBQeg5O

#options #stockmarket #wallstreet‚Ä¶",1,0
400,2021-10-23 00:37:36,"RT @babbldev: This Week‚Äôs (10/18 - 10/22) Most Mentioned #Stock Tickers Covered in the news üìä

1. $AAPL
2. $TSLA 
3. $INTC
4. $TGT
5. $MSFT‚Ä¶",2,0
401,2021-10-23 00:36:29,"@joemarchand1 I don‚Äôt care. I use only three major services. $NFLX, Amazon Prime, Hulu, AppleTV+, Disney+ etc",0,1
402,2021-10-23 00:31:29,"[SCAN RESULTS - 15m]

Exchange: #FTX

Top 5 bullish trend (#PERP futures)
1: $ONE
2: $LEO
3: $AXS
4: $HT
5: $CRV

T‚Ä¶ https://t.co/yR8GsOkOcq",1,2
403,2021-10-23 00:30:00,"üö®Today's Top 10 BlackBox Alerts

‚≠êÔ∏è $NFLX 191%
‚≠êÔ∏è $GWH 137%
‚≠êÔ∏è $CRTD 125%

 $CRTO $NVDA $TSLA $BLNK

üëâ‚Ä¶ https://t.co/xE7JvvJrKT",0,8
404,2021-10-23 00:28:10,"RT @NancyTracker: Returns, Last 10 Years..
Pelosi Capital: +69,420%
Bitcoin $BTC: +2,808,411%
Tesla $TSLA: +15,646%
NVIDIA $NVDA: +6,641%
N‚Ä¶",488,0
405,2021-10-23 00:26:02,"RT @BojanCerberus: $SPX $SPY performance this week +1.64% üìà

Weekly Gains üöÄüí™üí∞
$ANTM +10.25%
$TSLA +7.91% 
$AMD +6.87%
$COST +6.54%
$AXP +6.‚Ä¶",2,0
406,2021-10-23 00:25:33,"What‚Äôs your biggest winner this week?

$CRWD $ETSY $SQ $MSFT $ZM $BABA $BYND $SPY $AMZN $AAPL $BA $TSLA $AMD $ROKU‚Ä¶ https://t.co/86tPzcuXCL",0,1
407,2021-10-23 00:25:10,"RT @NancyTracker: Returns, Last 10 Years..
Pelosi Capital: +69,420%
Bitcoin $BTC: +2,808,411%
Tesla $TSLA: +15,646%
NVIDIA $NVDA: +6,641%
N‚Ä¶",488,0
408,2021-10-23 00:23:46,@MarketRebels $NFLX buying before the run up.,0,0
409,2021-10-23 00:23:40,"RT @NancyTracker: Returns, Last 10 Years..
Pelosi Capital: +69,420%
Bitcoin $BTC: +2,808,411%
Tesla $TSLA: +15,646%
NVIDIA $NVDA: +6,641%
N‚Ä¶",488,0
410,2021-10-23 00:19:42,"This Week‚Äôs (10/18 - 10/22) Most Mentioned #Stock Tickers Covered in the news üìä

1. $AAPL
2. $TSLA 
3. $INTC
4.‚Ä¶ https://t.co/ND1aOGGKnJ",2,4
411,2021-10-23 00:17:24,@rhemrajani9 $NFLX,0,1
412,2021-10-23 00:17:13,"RT @NancyTracker: Returns, Last 10 Years..
Pelosi Capital: +69,420%
Bitcoin $BTC: +2,808,411%
Tesla $TSLA: +15,646%
NVIDIA $NVDA: +6,641%
N‚Ä¶",488,0
413,2021-10-23 00:16:37,"[SCAN RESULTS - 15m]

Exchange: #FTX

Top 5 bullish trend (#PERP futures)
1: $HT
2: $OKB
3: $ONE
4: $FTM
5: $LEO

T‚Ä¶ https://t.co/DLz61oWcyP",0,0
414,2021-10-23 00:09:17,"[SCAN RESULTS - 1d]

Exchange: #FTX

Top 5 bullish trend (#PERP futures)
1: $FIDA
2: $SOL
3: $FTM
4: $LEO
5: $NEAR‚Ä¶ https://t.co/NqrXW39iLP",1,1
415,2021-10-23 00:02:43,"@BullishMont $EBAY oh my

I was also watching $NFLX and made some cash :)",0,0
